{"cameraMode":{"drawMode":0,"name":"Shaded","section":"Shading Mode"},"sceneLighting":false,"audioPlay":false,"sceneViewState":{"m_AlwaysRefresh":false,"showFog":true,"showSkybox":false,"showFlares":true,"showImageEffects":true,"showParticleSystems":true,"showVisualEffectGraphs":true,"m_FxEnabled":true},"in2DMode":false,"pivot":{"x":3.558112859725952,"y":-7.169130325317383,"z":29.516952514648439},"rotation":{"x":0.2764814496040344,"y":-0.008398993872106076,"z":0.03611370176076889,"w":0.9627140760421753},"size":27.138811111450197,"orthographic":false}