{"cameraMode":{"drawMode":0,"name":"Shaded","section":"Shading Mode"},"sceneLighting":true,"audioPlay":false,"sceneViewState":{"m_AlwaysRefresh":false,"showFog":true,"showSkybox":true,"showFlares":true,"showImageEffects":true,"showParticleSystems":true,"showVisualEffectGraphs":true,"m_FxEnabled":true},"in2DMode":false,"pivot":{"x":8.526680946350098,"y":0.24395178258419038,"z":-6.730177879333496},"rotation":{"x":-0.013721656985580922,"y":0.9856775999069214,"z":-0.10121432691812515,"w":-0.13484537601470948},"size":4.166025161743164,"orthographic":false}