{"cameraMode":{"drawMode":0,"name":"Shaded","section":"Shading Mode"},"sceneLighting":false,"audioPlay":false,"sceneViewState":{"m_AlwaysRefresh":false,"showFog":true,"showSkybox":false,"showFlares":true,"showImageEffects":true,"showParticleSystems":true,"showVisualEffectGraphs":true,"m_FxEnabled":true},"in2DMode":false,"pivot":{"x":36.641357421875,"y":9.441152572631836,"z":21.5797061920166},"rotation":{"x":0.00026830259594134986,"y":-0.9905118942260742,"z":0.13787735998630525,"w":0.002719603246077895},"size":1.5039381980895997,"orthographic":false}