{"cameraMode":{"drawMode":0,"name":"Shaded","section":"Shading Mode"},"sceneLighting":false,"audioPlay":false,"sceneViewState":{"m_AlwaysRefresh":false,"showFog":true,"showSkybox":false,"showFlares":true,"showImageEffects":true,"showParticleSystems":true,"showVisualEffectGraphs":true,"m_FxEnabled":true},"in2DMode":false,"pivot":{"x":2.6600000858306886,"y":4.485000133514404,"z":-2.0280001163482668},"rotation":{"x":0.002857436425983906,"y":-0.9947348833084106,"z":0.030171751976013185,"w":0.09853439778089524},"size":1.6444145441055298,"orthographic":false}