{"cameraMode":{"drawMode":0,"name":"Shaded","section":"Shading Mode"},"sceneLighting":false,"audioPlay":false,"sceneViewState":{"m_AlwaysRefresh":false,"showFog":true,"showSkybox":false,"showFlares":true,"showImageEffects":true,"showParticleSystems":true,"showVisualEffectGraphs":true,"m_FxEnabled":true},"in2DMode":false,"pivot":{"x":39.91420364379883,"y":9.889902114868164,"z":21.892024993896486},"rotation":{"x":0.019075777381658555,"y":-0.9801510572433472,"z":0.15749529004096986,"w":0.11942745000123978},"size":1.0858104228973389,"orthographic":false}