{"cameraMode":{"drawMode":0,"name":"Shaded","section":"Shading Mode"},"sceneLighting":false,"audioPlay":false,"sceneViewState":{"m_AlwaysRefresh":false,"showFog":true,"showSkybox":false,"showFlares":true,"showImageEffects":true,"showParticleSystems":true,"showVisualEffectGraphs":true,"m_FxEnabled":true},"in2DMode":false,"pivot":{"x":-1.1637216806411744,"y":0.9745911359786987,"z":-0.3579235374927521},"rotation":{"x":0.003715626196935773,"y":-0.995625913143158,"z":0.08114007115364075,"w":0.04756995290517807},"size":2.4846532344818117,"orthographic":false}