{"cameraMode":{"drawMode":0,"name":"Shaded","section":"Shading Mode"},"sceneLighting":true,"audioPlay":false,"sceneViewState":{"m_AlwaysRefresh":false,"showFog":true,"showSkybox":true,"showFlares":true,"showImageEffects":true,"showParticleSystems":true,"showVisualEffectGraphs":true,"m_FxEnabled":true},"in2DMode":false,"pivot":{"x":15.467386245727539,"y":-1.1151461601257325,"z":-20.548599243164064},"rotation":{"x":0.021006319671869279,"y":0.9897253513336182,"z":-0.09694750607013703,"w":0.11821332573890686},"size":12.03969955444336,"orthographic":false}